time,low,high,open,close,volume
1/13/15,260,260,260,260,1
1/14/15,109.87,221,200,120,11.30463778
1/15/15,150,224,191.99,204.22,2.97732076
1/16/15,189,225.5,210.98,199.46,4.69
1/17/15,184,210,210,184,0.112
1/19/15,210,225.51,210,225.51,0.41
1/20/15,208,218,215,218,0.04
1/21/15,219,225.51,219,225.51,0.13770722
1/22/15,216.59,257.73,245.5,226.32,4.36
1/23/15,215,235,230,235,0.180001
1/24/15,215,250.58,215,240,1.74
1/25/15,245.32,256.26,248.02,254.53,478.7555409
1/26/15,241.43,322.72,262.78,274.48,5180.318794
1/27/15,244.03,278.47,274.73,263.65,1630.211766
1/28/15,228.5,265.99,263.96,236.09,5339.784137
1/29/15,221.14,242,235.89,235.03,6637.404348
1/30/15,227.89,244.59,235,229.07,5774.295652
1/31/15,217.11,234.67,229,218.45,5595.577391
2/1/15,210,233.79,218.67,228.99,7233.474722
2/2/15,220.89,240.1,228.39,237.83,7451.634216
2/3/15,225.32,243.9,237.01,228.58,8321.942989
2/4/15,221.5,230.99,228.77,227.11,9144.882774
2/5/15,215,228.9,227.11,216.76,7405.301529
2/6/15,216.03,226.64,216.84,223.2,5693.965067
2/7/15,222.67,230.5,223.2,229,4099.998908
2/8/15,220,231.6,229.16,223.99,4294.595191
2/9/15,216.45,225,224.01,221.1,6549.989068
2/10/15,215,222,221.13,220.87,5397.879752
2/11/15,217.46,223.61,221.07,219.81,8986.848177
2/12/15,218,224.61,219.96,223.21,7833.47876
2/13/15,221.55,242.36,223.2,236.49,15257.97099
2/14/15,236.08,259.98,236.92,256.66,15320.09615
2/15/15,228,267.86,256.66,235.54,16943.77941
2/16/15,229.6,241,235.54,234.68,10505.84218
2/17/15,233,248,234.41,244.82,16806.65257
2/18/15,231.93,246,244.9,237.49,12926.15314
2/19/15,235.58,245,237.49,240.9,9467.698582
2/20/15,239.99,248.32,241.11,245.34,11201.81203
2/21/15,244,248.43,245.34,245.99,6213.950503
2/22/15,234.01,247.48,245.72,236.83,8280.004721
2/23/15,232,240.97,236.83,239.49,10028.20633
2/24/15,235.51,241.91,239.49,239.87,8923.575579
2/25/15,235.1,241,239.87,238.19,7840.904843
2/26/15,234.33,238.47,238.21,237.11,8549.857126
2/27/15,236.29,259,237.21,254.42,20700.5972
2/28/15,250,256.97,254.42,255.59,7485.383328
3/1/15,244.88,262,255.73,260.24,10419.57556
3/2/15,256.6,279.8,260.29,276.7,18215.97819
3/3/15,267.07,289.5,276.79,283.27,18829.85489
3/4/15,267.39,287,283.09,273.37,14753.67951
3/5/15,262.49,281.09,273.38,276.86,11638.13678
3/6/15,269.12,280,276.54,273.23,10144.84013
3/7/15,270.55,279.44,273.22,276.89,6221.991415
3/8/15,270.29,278.97,276.86,275.5,5138.800031
3/9/15,275,294.42,275.47,290.19,13736.24259
3/10/15,289.82,299.48,290.2,293.47,16271.02187
3/11/15,290.51,297.8,293.46,296.99,9776.451595
3/12/15,291.87,298.9,296.98,296.05,9640.873342
3/13/15,284,296.43,295.87,284,12043.69302
3/14/15,280.86,289,284.37,283.95,7282.596433
3/15/15,282.5,289.24,283.77,288,4415.880156
3/16/15,287.41,294.99,287.99,292.37,8869.056836
3/17/15,284.01,293.69,292.36,286.74,7791.726809
3/18/15,250,287,286.63,258.5,18679.03701
3/19/15,249.2,266.8,258.62,263.05,16404.76508
3/20/15,259.31,267.42,263.06,263.31,7566.590872
3/21/15,256.66,263.62,263.31,261.9,6016.588188
3/22/15,259.71,271.27,261.57,269.45,5819.245293
3/23/15,260.81,273.99,269.25,267.53,13635.26985
3/24/15,244.86,268.51,267.54,246.15,17690.10615
3/25/15,234.51,249.99,246.29,246.88,11846.58154
3/26/15,244.92,254.9,246.99,249.88,10904.28827
3/27/15,246.44,250.99,249.76,247.81,8447.892958
3/28/15,247.81,254.99,247.93,253.52,5888.048705
3/29/15,241,254,253.6,243.69,8522.392785
3/30/15,237.94,250.06,243.6,248.78,11491.65408
3/31/15,242.87,249.98,248.78,245.5,8102.267003
4/1/15,241.07,248.22,245.5,247.87,9892.613475
4/2/15,245.8,255.24,247.5,254.39,8681.547172
4/3/15,252.59,257.43,254.79,254.84,7181.222973
4/4/15,251.26,256.6,255,254.36,4316.351312
4/5/15,252.06,262,254.37,261.47,5194.855041
4/6/15,255,263,261.49,256.85,7500.093842
4/7/15,253.45,258.7,256.84,254.27,7876.064505
4/8/15,244.29,255.75,254.23,246.58,7494.495348
4/9/15,239.02,248.16,246.81,244.74,7622.991632
4/10/15,232.35,244.66,244.46,236.78,11482.96192
4/11/15,234.77,239.99,236.78,237.91,5651.466055
4/12/15,234.02,239.16,237.91,237.55,4387.154726
4/13/15,220.77,238,237.57,225.73,11641.75795
4/14/15,216.92,226.9,225.42,221.05,12054.59608
4/15/15,218.09,224.52,221.05,224.35,8708.367431
4/16/15,223.66,230.75,224.35,229.45,8248.389761
4/17/15,220.46,230.08,229.45,223.62,7338.967548
4/18/15,222.18,224.04,223.55,224.02,4495.801824
4/19/15,223.44,226.72,224.04,224.03,4655.053915
4/20/15,223.45,227.45,224.03,225.37,7501.120793
4/21/15,224.01,235.89,225.35,235.89,9517.598668
4/22/15,232.78,238.6,235.89,233.98,7390.953141
4/23/15,232.79,236.54,233.96,235.99,6599.673243
4/24/15,230.12,236.93,235.95,231.51,6481.071437
4/25/15,226.83,233.67,231.51,227.05,4932.995887
4/26/15,215.56,227.91,227.05,221.27,9493.089147
4/27/15,218.78,231.11,221.27,227.58,12011.70902
4/28/15,220.46,229.04,227.41,225.64,6806.317447
4/29/15,220.2,227.3,225.39,225.6,6765.636714
4/30/15,225.1,240,225.78,236.81,11345.96898
5/1/15,233.01,238.78,236.78,233.14,9969.21613
5/2/15,233,237.15,233.15,235.94,6183.713436
5/3/15,234.26,242.97,235.94,240.78,5731.798159
5/4/15,238.06,243.99,240.88,239.75,8837.539186
5/5/15,232,240,239.75,236.76,9267.39429
5/6/15,228.38,237.87,236.76,230,7836.314385
5/7/15,228.67,239.18,230,237.99,8754.81338
5/8/15,236.35,247.06,237.97,244.54,8424.712219
5/9/15,240,247.6,244.44,242.5,5018.675194
5/10/15,239.63,244.89,242.59,241.57,5050.480057
5/11/15,239.5,245.49,241.59,242.86,6176.481242
5/12/15,240.37,243.4,242.74,242.03,6322.571412
5/13/15,235.54,244.13,242.04,236.32,10028.94688
5/14/15,232.61,240,236.93,237.46,10365.96804
5/15/15,236.89,239,237.39,237.82,9083.087909
5/16/15,235.48,237.99,237.91,236.73,2739.830774
5/17/15,236.7,238.45,236.72,237.12,4917.894131
5/18/15,231.66,237.89,237.1,234.04,7092.733767
5/19/15,231.53,234.92,234.04,232.59,6915.073053
5/20/15,232.54,235,232.58,234.54,7055.18055
5/21/15,234.16,236.74,234.55,235.77,6237.883652
5/22/15,235.11,242,235.77,240.45,7695.087239
5/23/15,237.89,240.64,240.41,239.36,3726.980144
5/24/15,238.27,242,239.38,240.82,3406.303168
5/25/15,236.71,241.4,240.68,237.43,3984.514852
5/26/15,235.81,238.34,237.39,236.79,6214.217661
5/27/15,236.47,238.75,236.8,237.35,6580.28159
5/28/15,236.23,238.48,237.35,237.34,6022.721944
5/29/15,235.01,237.68,237.25,236.89,6398.981364
5/30/15,231,236.99,236.89,233.55,6280.907999
5/31/15,229.55,233.94,233.61,230.21,5912.287985
6/1/15,221.58,230.99,230.18,223.56,10192.01765
6/2/15,221.84,226.68,223.55,225.85,9003.065135
6/3/15,223.82,227.45,225.83,225.86,6865.554439
6/4/15,223.56,226.07,225.85,224.57,5968.043964
6/5/15,223.01,226.74,224.57,224.97,6597.663972
6/6/15,224.27,225.61,225.03,225.48,3610.501475
6/7/15,222.88,226.09,225.48,223.89,3622.80286
6/8/15,223.63,230.16,223.88,229.1,6963.876206
6/9/15,228.31,232.06,229.1,229.18,6346.630669
6/10/15,227.98,230.45,229.31,228.73,5978.994559
6/11/15,228.7,230.92,228.79,229.69,5605.950051
6/12/15,229.01,231.32,229.68,229.47,6060.531626
6/13/15,228.79,233.49,229.21,233.47,4139.573722
6/14/15,232.53,235,233.49,233.6,2314.736341
6/15/15,233.6,238.5,233.61,236.99,6051.862528
6/16/15,236.01,253.26,236.92,251.91,10434.11815
6/17/15,247,259.46,251.88,250.25,9886.200905
6/18/15,243.51,253.29,250.18,249.27,8234.705713
6/19/15,245.04,251.05,249.33,246.33,6096.257949
6/20/15,240.46,246.99,246.33,246.13,4371.21458
6/21/15,242,246.98,246.08,244.66,3694.453851
6/22/15,243.86,248.5,244.66,247.5,5569.179519
6/23/15,243.01,248.06,247.48,244.52,5295.436787
6/24/15,239.51,244.92,244.54,240.04,5323.510725
6/25/15,239.91,243.44,240.14,242.44,5678.555488
6/26/15,239.91,243.1,242.46,243,6539.247585
6/27/15,242.6,252.22,242.99,251.59,5287.866191
6/28/15,247.51,251.87,251.46,249.11,4290.974554
6/29/15,249.09,257.99,249.11,257.54,10401.48873
6/30/15,255.91,269.39,257.53,263.82,12009.58088
7/1/15,255.12,265.45,263.83,259.02,8238.711988
7/2/15,253,262,258.96,254.85,6283.471265
7/3/15,252.77,257.37,254.86,256.95,4782.983465
7/4/15,254.4,261,256.94,260.64,4091.546242
7/5/15,258.99,275.25,260.64,271.74,8452.802362
7/6/15,268.27,277.88,272.17,269.94,10013.39094
7/7/15,264.5,272.11,269.78,266.18,6984.362158
7/8/15,264.41,273.97,266.18,270.97,7798.115881
7/9/15,267.1,272.5,271.5,269.75,6970.282247
7/10/15,269,294.71,269.77,286.67,15892.66693
7/11/15,284.5,299,286.71,294.23,8509.597835
7/12/15,293.5,316.52,294.29,312.16,12917.99076
7/13/15,281.62,312.91,312.19,293.08,12936.00278
7/14/15,286.25,297.78,292.93,287.51,7146.061481
7/15/15,284.98,294.11,287.48,285.7,7586.059253
7/16/15,275,292.78,285.7,279.38,8604.671233
7/17/15,272.64,281.38,279.38,280.58,6977.017447
7/18/15,276.34,282.71,280.14,277.71,4279.260899
7/19/15,275,278.48,277.71,275.61,3464.186676
7/20/15,273.34,280,275.6,280,5476.616589
7/21/15,276.85,281.27,279.96,277.32,4943.559434
7/22/15,275.01,278.54,277.33,277.89,4687.909383
7/23/15,276.28,279.75,277.96,277.39,5306.821575
7/24/15,276.43,291.52,277.23,289.12,7362.469083
7/25/15,286.82,291.67,289.12,289.7,4102.45296
7/26/15,288.65,294.49,289.68,293.89,3735.236603
7/27/15,287.24,297,293.88,294.21,6461.033135
7/28/15,293.65,298,294.22,295.76,5761.869618
7/29/15,289.01,296.58,295.74,290.19,5223.396171
7/30/15,286.56,291.56,290.26,288.49,5138.981549
7/31/15,282.79,290,288.49,285.19,5676.618459
8/1/15,277.26,285.6,285.2,281.53,3932.449751
8/2/15,277.33,282.62,281.53,282.62,3361.086689
8/3/15,280.27,285.86,282.62,280.95,4741.729107
8/4/15,280.11,286.47,280.95,285.51,5580.22053
8/5/15,282.01,286.25,285.6,282.77,5765.487797
8/6/15,278.95,282.61,282.44,279.65,5027.855641
8/7/15,277.05,281.17,279.37,279.94,5212.456901
8/8/15,260.07,280.16,280.06,262.02,6085.449437
8/9/15,260.97,268.8,262.02,267.63,5046.976875
8/10/15,263.17,268.89,267.6,265.15,5478.582149
8/11/15,264.91,271.99,265.15,271.99,5796.144793
8/12/15,265.79,272.4,271.99,266.94,6350.256019
8/13/15,262.94,267.82,266.81,264.67,5343.423018
8/14/15,262.5,267.98,264.48,266.17,6859.07697
8/15/15,261.77,267.69,266.21,262.46,4116.06182
8/16/15,255.67,263.1,262.45,259.2,5493.637488
8/17/15,255.58,261.57,259.2,257.31,6966.279596
8/18/15,200,258.04,257.56,221.99,11541.0643
8/19/15,214.91,238.99,221.99,227.34,13329.69034
8/20/15,227.45,238.2,227.46,235.56,8819.525082
8/21/15,231.15,236.99,235.56,232.85,8327.534676
8/22/15,222.68,235.53,232.85,231.15,7197.259489
8/23/15,226.15,233.25,231.16,229.21,4312.61769
8/24/15,210,229.24,229.23,211.16,16523.77944
8/25/15,198.02,229.49,211.16,223.73,19685.20578
8/26/15,220.16,231.97,223.73,226.81,9756.262621
8/27/15,224,229.99,226.72,225.8,7891.14647
8/28/15,221.2,236.18,225.62,231.55,9155.348865
8/29/15,228,233.95,231.55,230.61,4469.251131
8/30/15,226.59,233.47,230.61,229.39,4975.990742
8/31/15,225.23,233,229.4,230.75,6986.515719
9/1/15,226.42,233.5,230.76,228.22,8595.949773
9/2/15,226.43,231.43,228.22,229.97,7461.084198
9/3/15,226.48,230.79,229.95,227.25,6668.258625
9/4/15,227.24,232.49,227.24,231.39,7070.54636
9/5/15,230.12,237.24,231.43,236.01,5615.319754
9/6/15,235.54,244.82,236.2,241.29,5273.539693
9/7/15,239.21,242.98,241.26,241.31,4902.581161
9/8/15,240.31,247.82,241.31,244.14,8296.953855
9/9/15,238.6,244.69,244.24,238.75,6819.436268
9/10/15,236.69,241.4,238.74,238.52,5811.401953
9/11/15,238.5,241.54,238.55,240.9,5856.642801
9/12/15,235.26,241.12,240.9,236.5,5480.204714
9/13/15,229.72,236.91,236.5,230.82,5004.429976
9/14/15,228.01,233.99,230.83,231.01,7984.562513
9/15/15,230.26,232.43,231.02,230.6,7118.307926
9/16/15,226.85,232,230.67,229.73,7655.652988
9/17/15,229.01,235.93,229.72,233.34,7527.998306
9/18/15,231.75,234.96,233.31,233.78,4688.450795
9/19/15,232,234.31,233.78,232.88,3604.571903
9/20/15,231.84,234,232.88,232.24,3683.553989
9/21/15,226.87,233.64,232.26,227.31,7599.804816
9/22/15,224.45,232.5,227.31,231.28,8900.966602
9/23/15,229.27,233,231.31,230.26,6357.676049
9/24/15,230.09,235.99,230.26,235.27,9375.094142
9/25/15,234.02,237.62,235.35,235.89,6186.862838
9/26/15,233.5,236.2,235.88,234.69,4167.952469
9/27/15,233.2,235.03,234.67,233.58,3302.854502
9/28/15,233.53,240.52,233.53,239.99,8114.322178
9/29/15,236.65,241.05,239.96,236.89,6984.746615
9/30/15,236.26,238.75,236.88,237.14,5479.432846
10/1/15,236.9,239.86,237.1,238.34,5676.938915
10/2/15,236.97,239.4,238.34,238.28,5907.549292
10/3/15,237.73,240.62,238.31,239.92,4332.270319
10/4/15,239.07,240.28,239.93,239.87,3794.120856
10/5/15,237.5,240.98,239.87,240.95,7487.561723
10/6/15,240.31,248,240.93,246.64,9574.838498
10/7/15,240.2,247.96,246.7,244,8821.859795
10/8/15,242.2,245.38,244,242.94,5622.451568
10/9/15,241.1,244.88,242.94,244.35,4935.025522
10/10/15,243.8,246.1,244.44,246.07,3688.533414
10/11/15,245.63,250,246.06,249.02,4323.219647
10/12/15,245.89,249.14,249.01,246.39,5402.186085
10/13/15,244.86,251.5,246.43,250.99,6502.185266
10/14/15,250.25,255,250.98,253.27,7587.420047
10/15/15,253.18,256.77,253.25,254.99,6678.891244
10/16/15,254.86,267.6,254.98,263.43,9215.97339
10/17/15,263.05,274.81,263.45,272.87,11034.14231
10/18/15,262.94,273.5,272.88,265,5660.018133
10/19/15,262.05,268.23,265,265.17,5364.101325
10/20/15,264.38,272.95,265.09,271.14,4647.331853
10/21/15,265,272.85,271.16,268.77,6195.066469
10/22/15,268.75,280,268.77,275.84,8695.883883
10/23/15,275.4,281.17,275.76,278.76,7072.844704
10/24/15,278.75,284.49,278.76,284.29,5507.976725
10/25/15,283.28,295.93,284.29,284.97,10695.66837
10/26/15,282.04,287.68,284.97,287.1,7477.924219
10/27/15,286.89,297.99,287.1,295.61,11123.68179
10/28/15,295.65,308.93,295.68,304.09,16047.51077
10/29/15,301.8,320.99,304.1,316.08,12247.44108
10/30/15,315.9,336.97,316.07,329.11,16825.19639
10/31/15,306.29,334.28,329.11,314.85,15213.51811
11/1/15,311.44,332,314.84,329.46,10727.58697
11/2/15,326.07,371.82,329.45,365.21,19748.94525
11/3/15,362.07,422.3,365.14,404.1,40167.73664
11/4/15,368.15,499.99,404.06,410,50603.79169
11/5/15,366.66,450,410,387.21,27227.96562
11/6/15,351,395,387.21,374.09,20034.6432
11/7/15,371.43,392,374.26,384.81,8396.124566
11/8/15,363.58,389,384.8,373.83,7459.01456
11/9/15,360.8,386.96,373.84,379.53,11225.64568
11/10/15,322,382.23,379.55,337.14,16694.81226
11/11/15,293.32,341.75,337.14,313.2,18097.66629
11/12/15,312.24,344.99,313.2,336.49,15784.18818
11/13/15,325,343,336.49,338.07,10203.5464
11/14/15,329.4,339.57,338.08,334.71,6008.710164
11/15/15,319.89,336.46,334.67,322.93,6329.302827
11/16/15,316.12,334.1,322.94,332.89,7295.396515
11/17/15,330.1,340.72,332.85,336.49,7262.456987
11/18/15,330,338,336.49,335.49,5204.310117
11/19/15,324.9,336.38,335.5,326.41,6718.630931
11/20/15,311.23,327.04,326.53,322.39,9324.440814
11/21/15,316.33,328,322.39,327,5125.958809
11/22/15,321,327,326.99,323.71,3426.178602
11/23/15,322,326,323.72,323,4797.364622
11/24/15,318,323.17,323.01,321,5234.691119
11/25/15,316.26,330.06,320.96,328.98,7870.714162
11/26/15,328.98,368.18,328.99,352.57,14023.74766
11/27/15,347.96,364.46,352.56,358.19,7234.790706
11/28/15,351.09,359.63,358.2,357.24,5553.054495
11/29/15,354.26,373.63,357.24,372.24,5537.923139
11/30/15,367.5,382.87,372.25,376.86,11425.77473
12/1/15,354.6,378.94,376.88,362.68,9267.043086
12/2/15,347.55,363.06,362.68,360,8966.988242
12/3/15,356.52,369.99,360,361.77,7242.504373
12/4/15,355.43,364.85,361.89,363.98,5864.705649
12/5/15,363.97,390,363.98,387.99,8731.839301
12/6/15,375.22,401.01,388.03,387.55,9639.572835
12/7/15,383,397.57,387.53,394.73,7577.577985
12/8/15,386.69,418.94,394.73,418.94,8264.814572
12/9/15,401,425,417.84,418.39,13811.44429
12/10/15,408,419.5,418.39,415.68,7117.838237
12/11/15,415.67,453.13,415.68,452.95,13643.46945
12/12/15,403,469.34,452.95,436.87,29525.26996
12/13/15,419.42,443.83,436.9,433.83,6720.0136
12/14/15,429.12,450,433.38,444.01,165495.8155
12/15/15,443.76,464.95,444.03,464.27,11008.15686
12/16/15,440,464.73,464.5,453.97,35979.09462
12/17/15,446.01,456.33,453.96,455.5,6287.108041
12/18/15,453.28,465.1,455.5,463.17,5045.110025
12/19/15,451.58,465.6,463.14,461.29,6991.384363
12/20/15,430,461.3,461.29,442.22,8376.423353
12/21/15,424.66,444.44,442.36,436.81,6845.941204
12/22/15,432.58,442,436.85,433.92,6659.301969
12/23/15,428.29,445.11,433.94,442.43,7571.530727
12/24/15,442.42,460,442.43,455.74,6860.177531
12/25/15,450.01,458.99,455.74,455.84,3482.660512
12/26/15,410,458.29,455.82,419.41,13505.22265
12/27/15,410.02,429.85,419.41,424.72,5568.97684
12/28/15,418,429.9,424.73,421.94,6929.617995
12/29/15,419.31,433.9,421.94,433.89,6387.097139
12/30/15,422.35,434.99,433.89,427.95,4884.61573
12/31/15,419.04,434,427.9,430.35,6480.693574
1/1/16,427.92,437.15,430.35,435.66,3863.277451
1/2/16,432.41,437.56,435.67,435.4,3276.709621
1/3/16,425.02,435.75,435.4,431.91,3904.325318
1/4/16,431.37,435.79,431.9,433.85,5894.445723
1/5/16,430,435.64,433.84,433.34,5150.049476
1/6/16,428.15,433.46,433.32,430.87,5476.869959
1/7/16,430.64,460.15,430.66,459.07,13906.64073
1/8/16,447.53,464.4,459.07,454.44,8347.05504
1/9/16,447.66,456,454.41,450.38,4247.549651
1/10/16,442.96,451.39,450.39,449.99,3954.3224
1/11/16,445.88,452.65,449.99,449.19,5597.614183
1/12/16,431.83,449.44,449.26,434.01,6596.945453
1/13/16,425,437.5,434.01,432.77,9009.140709
1/14/16,428,435.27,432.7,430.03,5672.820962
1/15/16,357.3,430.29,430.04,357.53,28641.65359
1/16/16,350.92,391,357.59,388.7,17985.10478
1/17/16,372,391,388.7,378.46,8278.401793
1/18/16,370.1,386.1,378.47,384.89,8711.459756
1/19/16,370,385.5,384.79,375.27,8133.08901
1/20/16,369,425.1,375.28,418.54,13874.68166
1/21/16,403.21,424.78,418.89,409.38,8736.439029
1/22/16,373.86,413.99,409.02,382.9,13430.10304
1/23/16,382.55,398.72,382.93,387.5,6308.750022
1/24/16,387.49,406.93,387.5,403.05,3550.831772
1/25/16,386.41,403.04,403.04,391.4,6491.999812
1/26/16,387.78,397,391.4,391.54,6981.0099
1/27/16,390.7,397.18,391.7,394.79,6324.16419
1/28/16,377.12,395,394.6,379.61,9103.715499
1/29/16,363.25,385.05,379.63,378.68,12105.29044
1/30/16,375,382.04,378.68,378.46,4154.296422
1/31/16,365,382.5,378.46,367.95,5506.746813
2/1/16,366.26,379,367.89,371.33,7931.229229
2/2/16,371.17,374.41,371.33,372.93,6856.218158
2/3/16,365.63,373.01,372.93,368.87,7147.956573
2/4/16,368.74,390.63,368.87,387.99,8887.727232
2/5/16,382.99,389.36,387.99,384.5,7443.844332
2/6/16,370.05,384.54,384.44,375.44,6276.614737
2/7/16,373.24,379.81,375.44,377.49,4160.829111
2/8/16,370.5,379.35,377.47,371.14,7094.208578
2/9/16,370.13,374.93,371.02,372.68,8424.552208
2/10/16,371.87,383.34,372.76,378.44,9734.280825
2/11/16,360,379.5,378.49,378.23,10413.04372
2/12/16,377.46,382.05,378.23,382.05,6162.176713
2/13/16,381.99,396,382.05,391,5978.856472
2/14/16,391,406.92,391,406.59,7555.16485
2/15/16,394.03,409.09,406.62,398.95,6568.485383
2/16/16,390,407.5,398.94,407.42,5647.185071
2/17/16,405.69,420.13,407.41,415.2,8707.134003
2/18/16,415.01,423.2,415.18,421.19,6518.637612
2/19/16,416,422,421.18,420.72,5800.217532
2/20/16,420.09,444.03,420.72,437.46,9366.34856
2/21/16,426.01,448.7,438.04,438.56,7111.144586
2/22/16,430.95,439,438.56,437.55,5131.799883
2/23/16,414.16,440.9,437.45,419.97,9159.032245
2/24/16,410,425.6,420.32,423.94,7231.122365
2/25/16,418.6,426.44,423.87,423.54,6049.818115
2/26/16,419.53,430.85,423.51,430.85,6782.037465
2/27/16,430.14,434.97,430.84,433.12,5520.620269
2/28/16,423,436.07,433.09,433.73,5149.93009
2/29/16,431.13,442,433.73,436.44,7578.890069
3/1/16,427.5,437.78,436.41,433.08,7580.221063
3/2/16,418.36,435.36,433.03,420.39,7437.529435
3/3/16,408.63,422.8,420.44,418.8,11833.71087
3/4/16,405.5,422.21,418.76,407.35,8960.953572
3/5/16,381.09,408.83,407.38,396.08,14903.21378
3/6/16,385.01,409.27,396.13,403.24,7675.136563
3/7/16,395,418.74,403.24,412.21,9910.744242
3/8/16,407.4,416.33,412.21,411.18,7501.476496
3/9/16,408.75,414,411.18,412.8,5399.270362
3/10/16,410.71,416.52,412.64,415.98,7908.753867
3/11/16,414.97,421,415.98,419.39,7041.458143
3/12/16,406.52,421.3,419.48,410.58,6897.105099
3/13/16,410.01,416.38,410.56,412.52,4663.328797
3/14/16,411.61,415.84,412.51,415.02,6672.712652
3/15/16,412.48,416.94,415.02,415.41,7355.0796
3/16/16,413,416.39,415.41,416.07,6274.808811
3/17/16,415.7,419.75,416.06,418.41,6108.443285
3/18/16,399.21,418.66,418.42,409.65,8597.586764
3/19/16,404.72,411,409.66,410.2,4840.133579
3/20/16,409.36,415.34,410.09,411.27,4726.107175
3/21/16,406.89,412.13,411.25,412,6020.518108
3/22/16,411,417.79,411.98,416.66,6124.691856
3/23/16,413.95,418.99,416.66,417.53,5506.919453
3/24/16,410,417.72,417.53,412.95,5064.589365
3/25/16,411,416.87,412.86,416.41,4598.661038
3/26/16,414.37,417.77,416.42,416.97,3641.002857
3/27/16,416.35,426.5,416.96,425.3,4658.098031
3/28/16,419.63,425.36,425.29,423,5717.860071
3/29/16,407.75,424.62,422.92,416.39,7361.855275
3/30/16,407.56,416.41,416.4,412.79,5831.493604
3/31/16,412.74,417.6,412.97,416.03,5235.542784
4/1/16,414.12,417.68,416.03,417.68,5353.913184
4/2/16,417.04,420.5,417.68,419.95,3944.076484
4/3/16,418.33,420.8,419.95,420.16,3266.973813
4/4/16,417.58,421,420.08,419.47,5323.835295
4/5/16,418.01,423.43,419.48,422.36,5727.686296
4/6/16,420.61,423,422.4,421.46,5211.961402
4/7/16,419.41,422.74,421.36,421.99,5025.881187
4/8/16,415.71,424.65,421.99,419.48,6434.750026
4/9/16,415.51,419.79,419.48,419.46,3519.989111
4/10/16,419.46,423.99,419.46,423.4,2990.036644
4/11/16,420.15,424,423.29,423.94,5093.218252
4/12/16,423.14,429.77,423.95,427.8,6997.033499
4/13/16,423.59,429.44,427.8,425.58,5885.045145
4/14/16,424.52,428,425.58,426.32,4732.226722
4/15/16,425.72,431.1,426.35,430.93,4184.009391
4/16/16,429.89,434.89,430.82,433.39,4133.985987
4/17/16,429.15,434.93,433.69,431,3299.690413
4/18/16,428.44,434.46,431.08,430.97,5277.321206
4/19/16,429.22,438.2,430.9,437.06,6226.595281
4/20/16,436.17,444.07,437.06,442.96,7150.956695
4/21/16,441.99,453.8,442.87,452.25,7693.431009
4/22/16,445.07,452.95,452.25,448.41,6811.642921
4/23/16,447.03,455.84,448.57,455.69,4618.067159
4/24/16,454.55,465,455.68,464.46,6186.443791
4/25/16,454.65,472.38,464.47,466.17,9493.259847
4/26/16,464.01,472.11,466.17,470.59,7471.107562
4/27/16,434,470.79,470.3,445.31,11629.44258
4/28/16,434.79,451.88,445.3,451.68,7644.692105
4/29/16,448.5,459.44,451.67,458.82,5965.09735
4/30/16,450.13,459.33,458.8,454.02,4710.059505
5/1/16,451.55,457.07,454.02,456.98,2941.08101
5/2/16,440.02,457.63,456.98,446.42,7694.118232
5/3/16,443.61,453.29,446.53,452.21,5892.451384
5/4/16,446.76,453.23,452.21,448.68,4883.540015
5/5/16,447,451.56,448.59,449.98,5335.519912
5/6/16,448.84,463.73,449.99,462.31,6191.747205
5/7/16,459.55,464,462.31,461.91,3463.880206
5/8/16,457.5,465,461.91,462.79,3275.577942
5/9/16,459.41,465.9,462.6,464.16,5882.84157
5/10/16,448.2,465,464.15,452.78,6814.257055
5/11/16,452.5,458.65,452.77,454.37,5746.405494
5/12/16,449.27,456.57,454.56,456.48,6119.044625
5/13/16,453.84,458.03,456.48,457.98,5404.11703
5/14/16,456,459.83,457.97,458.9,3295.159707
5/15/16,458.49,463.62,458.9,461.47,3269.952457
5/16/16,451.48,461.59,461.48,455.66,6019.172367
5/17/16,452.2,457.49,455.64,454.19,6033.908426
5/18/16,453.6,457.88,454.19,455.56,5512.065949
5/19/16,435,456.41,455.56,438.38,8405.793789
5/20/16,435.5,445.85,437.91,445.65,7178.735362
5/21/16,441.88,446.99,445.52,446.28,3945.718212
5/22/16,440.89,446.45,446.27,442.48,3779.519741
5/23/16,440.79,446.3,442.45,445.67,5659.316472
5/24/16,440.5,448.5,445.56,446.99,6536.782474
5/25/16,446.86,452.42,446.98,451.49,6167.866138
5/26/16,449,454.99,451.45,454.97,5843.631974
5/27/16,454.35,476.75,454.97,471.27,9886.986488
5/28/16,470.13,539.49,471.21,523.25,12107.0988
5/29/16,491.01,549.99,523.35,525.22,9957.469243
5/30/16,519,541,525.22,532.55,5960.313322
5/31/16,520.01,544.9,532.56,531.34,8491.942681
6/1/16,524.39,541.5,531.25,534.84,5736.493832
6/2/16,531.86,541.2,534.85,537.87,6329.819666
6/3/16,535.96,578,538.06,571.25,10203.59387
6/4/16,564.29,594.64,571.09,576.31,6931.957378
6/5/16,570.22,585,576.31,575.17,4984.249448
6/6/16,575,588.15,575.17,586.77,6790.995892
6/7/16,475,590.95,586.75,579.71,10079.79684
6/8/16,572.96,583.99,579.72,583.21,5661.749173
6/9/16,574,583.48,583.19,577.46,4979.63044
6/10/16,573.5,581,577.47,580.31,5659.426617
6/11/16,580.31,610,580.31,609.5,5542.195259
6/12/16,605,687.71,609.5,677.86,17998.50458
6/13/16,663.55,720,677.45,706.01,15497.15307
6/14/16,650.02,706.45,706.02,684.95,12443.09556
6/15/16,673,699.3,684.99,698.78,7913.035471
6/16/16,698.76,777.68,698.76,769.76,16806.85874
6/17/16,709.01,778.5,769.71,752.26,14007.08245
6/18/16,734.8,785.15,752,758.99,9593.499522
6/19/16,744.77,771.92,759,768.76,5442.638785
6/20/16,701.01,768.94,768.94,703.12,9837.193847
6/21/16,628.6,718.26,706.47,667.66,26108.67887
6/22/16,568.11,679.99,667.88,604.5,15589.03576
6/23/16,544.13,637.89,606.13,631.1,20473.56359
6/24/16,631.01,700,631.1,669.98,19078.84531
6/25/16,650,699,669.98,673.71,7691.553237
6/26/16,625.01,675.19,673.71,638.56,5678.386015
6/27/16,630,659.98,638.56,657.87,6624.339802
6/28/16,638,663.53,657.86,648.43,5696.746777
6/29/16,630.02,648.43,648.43,639.42,6485.126858
6/30/16,635.14,675,639.41,673.49,7764.246468
7/1/16,667,688.99,673.5,678.19,6839.688542
7/2/16,676.92,705.21,678.09,704.95,4976.840469
7/3/16,651,705.25,705.25,663.55,6495.708463
7/4/16,653.16,683.69,664.09,681.98,4327.410769
7/5/16,662.51,682.37,681.98,669.87,5043.811827
7/6/16,665,680.79,669.75,678.79,5668.238078
7/7/16,611.94,683.44,678.79,641.97,12280.74561
7/8/16,638.04,667.33,641.97,667.33,11053.79974
7/9/16,608,667.3,667.07,657.61,9607.695915
7/10/16,641,657.61,657.6,652.44,3705.894148
7/11/16,648.11,664.27,652.43,650.97,4815.437046
7/12/16,648.6,675.5,651.25,666.56,10666.06971
7/13/16,654.86,671.45,666.25,655.34,21881.75123
7/14/16,640,663.99,655.3,661.65,4649.643695
7/15/16,660.68,669.98,661.4,667.48,4725.743612
7/16/16,662.01,669.99,667.48,666.32,2907.514825
7/17/16,665.95,680.99,666.3,680,3944.424024
7/18/16,670,684.94,680,675.5,4547.721785
7/19/16,666.17,676.87,675.51,673.98,3799.771178
7/20/16,664.6,674.99,673.98,666.92,3603.8628
7/21/16,661.19,668.4,667.15,667.28,3967.871808
7/22/16,647.59,669.94,667.27,654.67,7371.964666
7/23/16,653.92,662.35,654.7,657.5,4379.511406
7/24/16,655.01,666.37,657.68,661,3423.08123
7/25/16,653.77,664.13,660.92,657.79,4101.537738
7/26/16,645,658.99,657.99,654.06,6470.740222
7/27/16,646.56,658.99,654.06,657.35,5175.141374
7/28/16,654.1,659.97,657,657.4,3832.988409
7/29/16,651,659,657.4,657,4246.212695
7/30/16,652.95,658.98,657.18,655.87,2979.957415
7/31/16,621.37,657,655.95,626.97,6299.641383
8/1/16,599,629.34,626.97,605.2,7981.717874
8/2/16,483,613.38,604.87,537.47,14828.84616
8/3/16,519.3,576,538.8,573.36,20292.85972
8/4/16,562.11,599.95,573.35,587.5,9514.328375
8/5/16,570.39,592.87,587.5,583,5478.388796
8/6/16,574.5,591.72,583,591.71,3907.493598
8/7/16,587.2,598.65,591.7,595.14,3288.647372
8/8/16,590,595.99,595.14,591.48,3851.886624
8/9/16,585.38,594.04,591.58,586.45,4817.626247
8/10/16,583.29,601.09,586.75,594.94,9439.680356
8/11/16,585.6,599.99,594.94,587.91,5060.855924
8/12/16,583.62,590.09,587.9,587.74,3870.890688
8/13/16,586,589.5,587.68,586.45,2839.685347
8/14/16,565.19,586.49,586.45,574.99,4154.476982
8/15/16,561.56,574.97,574.97,567.79,4403.161735
8/16/16,566.09,581.99,567.85,579.02,4692.461825
8/17/16,569.67,581.99,579.02,574.45,4509.774374
8/18/16,573,576.99,574.45,574.09,3964.98843
8/19/16,572.68,576.99,574.05,573.67,4038.303001
8/20/16,572.38,583.92,573.68,581.87,3581.224253
8/21/16,579.34,583.99,581.72,581.29,2442.633748
8/22/16,579.22,586.99,581.34,585.2,4493.42137
8/23/16,577.47,586.77,585.19,582.39,5092.274625
8/24/16,575.29,582.68,582.39,578.47,3857.023188
8/25/16,573.12,579,578.68,575.58,4109.112561
8/26/16,574.85,579.86,575.57,579.29,3354.183171
8/27/16,568.95,579.45,579.29,570.84,3059.493089
8/28/16,569.65,575.41,570.83,575.41,2587.454261
8/29/16,571.24,577.73,575.41,573.21,4569.562484
8/30/16,572.53,576.83,573.21,574.95,4175.846464
8/31/16,569.21,575.15,574.95,572.89,4439.623837
9/1/16,568.12,573.31,572.89,573.02,5203.005566
9/2/16,570,577.97,572.94,576.21,4827.434599
9/3/16,574.67,600.99,576.41,600.91,4705.699361
9/4/16,597.52,617.13,600.93,611.92,4592.850982
9/5/16,601.63,611.99,611.94,605.69,3010.750032
9/6/16,605.47,612.99,605.93,612.99,4169.697885
9/7/16,609.21,618.53,612.99,615.21,4680.957717
9/8/16,613.43,631.3,615.22,627.97,5225.036773
9/9/16,618.25,628.69,627.97,622.07,4502.865576
9/10/16,620.59,626.54,622.07,623.74,2819.131508
9/11/16,591.8,630.11,623.58,607.94,4289.624776
9/12/16,603,609.45,607.94,606.74,3986.14728
9/13/16,605.16,609.99,606.86,608.63,3888.070523
9/14/16,608,611.99,608.39,608.43,3744.743174
9/15/16,603.33,609.49,608.47,605.44,3965.68195
9/16/16,603.15,608.1,605.43,607.93,4171.005633
9/17/16,604,608.99,607.95,607.92,2942.649088
9/18/16,607.22,611.93,607.92,611.4,3091.455133
9/19/16,607.4,612.46,611.4,608.6,3096.468538
9/20/16,605.6,609.92,608.6,605.6,4601.032849
9/21/16,592.63,605.6,605.6,597,4885.897041
9/22/16,594.78,598.54,597,596.21,3998.40601
9/23/16,595.14,603.3,595.99,602.96,3759.023691
9/24/16,601.08,605.94,602.96,603.68,2646.497598
9/25/16,599.42,605.99,603.69,601.67,2577.178704
9/26/16,600.02,607.99,601.67,607.08,4292.32724
9/27/16,601.38,607.54,607.04,605.71,4345.518889
9/28/16,603.18,606,605.71,605.04,3710.012072
9/29/16,603.56,606.89,604.96,605.99,4106.822057
9/30/16,605,608.99,605.99,608.99,4626.81937
10/1/16,608.98,617.19,608.99,615.65,3480.015939
10/2/16,608.66,615.9,615.65,612.4,2911.891891
10/3/16,610.7,615.24,612.42,612.99,4436.782815
10/4/16,606.93,613.23,612.99,610.34,5060.863128
10/5/16,609.22,614.24,610.33,613.16,4454.403695
10/6/16,610.3,613.39,613.16,611.88,3920.075316
10/7/16,609.89,618.7,611.78,617.98,5119.9889
10/8/16,617.55,620,618.11,619.5,2793.955354
10/9/16,617,619.59,619.46,617.42,2329.862077
10/10/16,615.46,619.2,617.43,618.72,3896.595826
10/11/16,618.13,647.03,618.72,642.12,6316.234813
10/12/16,631.91,643.58,642.3,635.79,4334.375426
10/13/16,632,639.85,635.9,635.66,3845.204612
10/14/16,624.08,639.99,635.8,638.03,4365.837025
10/15/16,636,639.99,638.03,638.16,683.7980709
10/16/16,637.87,643.91,638.16,641.92,2544.927687
10/17/16,636.27,643.47,642.1,639.56,3950.231671
10/18/16,632.15,640,639.56,635.11,4126.575978
10/19/16,625.6,636.99,635.12,629.79,4465.148288
10/20/16,626.01,629.99,629.79,628.05,4170.466267
10/21/16,627.5,633.41,628.19,630.83,4162.76985
10/22/16,629.32,658,630.67,652.75,4585.084521
10/23/16,645.33,655.8,653.03,651.04,3075.739567
10/24/16,645.81,652.93,651.05,649.98,3670.461418
10/25/16,648.99,657.5,649.98,654.3,4814.888392
10/26/16,652.51,678,654.3,674,5843.137066
10/27/16,673.54,692.41,674,691.21,6771.853748
10/28/16,683.2,691.19,691.01,689.95,4409.98654
10/29/16,689.39,725.64,689.95,714.28,6583.498969
10/30/16,692.04,714.98,714.28,697.41,3799.522356
10/31/16,681.01,709.68,697.39,696.9,4474.148564
11/1/16,695.74,737.5,697.07,730.7,6909.181966
11/2/16,720,744.6,730.7,744.6,5095.750854
11/3/16,672.06,746.16,744.61,690,10331.34964
11/4/16,683.8,708.33,690,706.32,5229.219946
11/5/16,697.72,707.99,706.05,706.99,2999.21458
11/6/16,705.86,719.83,706.98,717.02,3013.176279
11/7/16,701.35,717.32,717.04,706.42,4168.787363
11/8/16,704.16,716.45,706.41,711.15,4358.979483
11/9/16,710.05,747.26,711.3,720.97,12022.23321
11/10/16,705.84,723.61,721,712.91,4441.883913
11/11/16,712.5,718.99,713,716.9,3363.915775
11/12/16,702.42,716.99,716.56,704.53,3130.220572
11/13/16,685.7,705.94,704.63,704.01,4207.775868
11/14/16,695.07,708.57,704.01,708.32,4818.753349
11/15/16,671.23,716.3,708.4,712.29,4793.812484
11/16/16,710,743.8,711.92,739.85,6194.458272
11/17/16,729.01,750.01,738.07,730.71,4171.453534
11/18/16,728.89,751,729.61,748.54,4633.637146
11/19/16,738,752.3,748.55,750.77,2953.711108
11/20/16,715,753.81,750.77,731.99,4322.125036
11/21/16,730,738.47,731.72,736.4,2984.943658
11/22/16,726.38,748.77,736.39,746.66,4276.841577
11/23/16,734,747.12,746.66,741.52,3626.956521
11/24/16,727,743.99,741.51,737.99,3472.600904
11/25/16,729,739.99,737.99,739.74,3157.806107
11/26/16,726,739.98,739.51,735.7,2706.775296
11/27/16,728.01,737.95,735.69,729.24,2682.661663
11/28/16,729,736.44,729.24,729.77,3864.893591
11/29/16,728.2,734.36,730.18,732.37,3807.462589
11/30/16,729.17,745,732.44,742.69,3949.902876
12/1/16,741.59,754.9,742.51,754,4190.189912
12/2/16,753.53,780,754,769.25,6041.034453
12/3/16,759,771.92,769.78,766.98,3180.082053
12/4/16,762.83,769.76,766.86,767.99,2759.91257
12/5/16,748.6,767.99,767.94,752,4823.731027
12/6/16,752,761.58,752.01,759.8,4499.073551
12/7/16,750.26,768.9,759.93,764.34,4572.320141
12/8/16,761.71,772.82,764.34,767.89,4839.328278
12/9/16,765.97,773.22,767.9,773.22,3932.177893
12/10/16,770,776.99,773.15,775.87,3365.899261
12/11/16,765,776.08,776.05,771.05,3105.092013
12/12/16,770.88,782,771.05,778.94,4390.036899
12/13/16,772.76,790.34,779.26,776.18,5414.740745
12/14/16,773.2,781.8,776.65,777.66,4486.584603
12/15/16,775,780,777.66,776.16,5927.487861
12/16/16,774.8,785,776.16,780.98,5719.662389
12/17/16,779.5,791.97,780.85,788.57,4364.330371
12/18/16,787.19,791.96,788.98,790.72,2847.045848
12/19/16,789,794.99,790.71,790.81,5496.383811
12/20/16,788.58,799.21,791,798.99,5925.200601
12/21/16,798.88,834.5,798.98,834.5,8432.75065
12/22/16,832.38,875.75,834.15,856.02,8778.210641
12/23/16,855.45,918.5,856.45,917.26,12732.47311
12/24/16,880.1,918.19,917.28,891.5,6458.029767
12/25/16,851.11,897.4,891.59,896.12,5380.147457
12/26/16,890,908.24,895.94,902.09,3297.896755
12/27/16,895,943.36,902.08,925.2,6719.749231
12/28/16,923.95,983.46,925.28,982.17,9792.326831
12/29/16,950.5,988.88,982.25,970.72,8997.859016
12/30/16,930.3,970.51,970.51,960.81,7945.76302
12/31/16,949,973.37,961.52,973.37,3837.287886
1/1/17,964.37,1000,973.37,992.95,4421.502883
1/2/17,990.52,1034.39,992.96,1011.45,7723.635752
1/3/17,1006.71,1036.99,1011.52,1020.67,8614.250058
1/4/17,1018,1147,1020.69,1130.3,16222.23027
1/5/17,880,1175,1131.1,1007,20438.58193
1/6/17,875.01,1033.85,1007,895.71,14262.50427
1/7/17,802.07,910,895.78,909,11215.10285
1/8/17,899.16,953.8,908.99,923.33,5410.003499
1/9/17,886.42,923.58,922.04,902.66,5909.578122
1/10/17,899.01,915.1,902.66,907,7221.789237
1/11/17,765,923.98,906.81,795.77,19443.61528
1/12/17,734.64,840,795.8,812.25,13198.29596
1/13/17,782.85,835.01,812.25,831.42,10492.40371
1/14/17,822.34,847.52,831.42,828,4774.303776
1/15/17,819,835,828,833.31,2941.915049
1/16/17,826.03,840,833.43,834.41,3428.79193
1/17/17,830.1,909,834.4,906,7253.478571
1/18/17,850,916.7,906.09,887.99,6937.986524
1/19/17,883.08,907,887.98,902.92,5070.18463
1/20/17,890,904.59,902.92,894.31,3110.589742
1/21/17,891.28,930,894.31,925.06,4666.660889
1/22/17,902,946.25,925.06,931.22,5044.143548
1/23/17,910.63,931.33,929.45,910.7,4141.432274
1/24/17,880,923,911.78,887,6401.735153
1/25/17,886.99,903.98,887,896,4535.104576
1/26/17,896,921.95,896.75,917.02,4718.082533
1/27/17,911,924.47,917.02,922.63,3719.065486
1/28/17,921.81,925.5,922.89,924.98,2634.537997
1/29/17,915,927.47,924.69,916.54,2592.343654
1/30/17,914.69,923.95,916.56,923.23,3617.942862
1/31/17,922.94,972.3,923.26,970.01,6732.262787
2/1/17,963.84,992.75,970.01,992.75,5993.625966
2/2/17,978.74,1010,992.75,1008.38,5728.212381
2/3/17,994.34,1024.5,1008.4,1018,6776.269718
2/4/17,1001.8,1044.12,1018.48,1035.54,4793.805226
2/5/17,1003.02,1036.3,1035.54,1016.32,4621.391691
2/6/17,1014.64,1027.7,1016.32,1022.58,4366.043601
2/7/17,1021.75,1058.26,1022.65,1053.96,5492.408809
2/8/17,1016.49,1069.95,1053.95,1056.7,6978.584503
2/9/17,925,1079,1057.22,994.24,16567.07114
2/10/17,961,1008,993.58,1001.99,7943.676337
2/11/17,995.49,1023.89,1001.88,1018.65,4321.970596
2/12/17,1008,1018.88,1018.63,1010,1315.729558
2/13/17,985.68,1021.5,1009.99,1002.82,4721.740583
2/14/17,992.27,1018.97,1002.88,1013.92,5910.490328
2/15/17,1007.66,1016,1013.92,1014.53,4494.350168
2/16/17,1013.02,1041.88,1014.58,1038.94,5996.293233
2/17/17,1036.29,1064.6,1038.95,1057.3,6334.698454
2/18/17,1055.6,1073.8,1057.29,1062.15,3934.747885
2/19/17,1051.26,1067.78,1062.14,1059.88,3025.414245
2/20/17,1051.36,1095,1059.88,1089.82,4434.441985
2/21/17,1081.95,1132.95,1089.98,1128.29,7487.524018
2/22/17,1104.9,1140,1129.67,1128.71,6035.823468
2/23/17,1128.22,1197,1129.87,1186.9,7574.459959
2/24/17,1103.32,1221.93,1185.81,1186.91,12744.91745
2/25/17,1110,1189.49,1186.91,1158,6033.377428
2/26/17,1130.88,1187.33,1157.98,1184.91,4454.443995
2/27/17,1176,1198.99,1184.91,1195.81,5776.456217
2/28/17,1179.64,1214.94,1195.84,1195.08,6720.382369
3/1/17,1085.71,1230,1194.53,1230,8122.935683
3/2/17,1220,1298.61,1230,1269.17,8940.263351
3/3/17,1255.61,1294.99,1269.17,1292.86,8290.62821
3/4/17,1226.41,1294.48,1293.06,1273.97,6385.030906
3/5/17,1247.11,1278.99,1273.94,1278.98,3996.533868
3/6/17,1268.78,1288,1278.63,1284.99,4763.573312
3/7/17,1050,1288,1284.99,1237.36,10811.1348
3/8/17,1128,1246,1237.36,1150.22,13005.73489
3/9/17,1131.11,1214.95,1150.22,1197.3,8524.462833
3/10/17,956.85,1360,1197.3,1109.01,25696.84646
3/11/17,1107,1219,1111.92,1188.11,10281.23815
3/12/17,1150,1244,1188.11,1235.58,6729.151336
3/13/17,1206,1249,1235.27,1245.49,9584.335719
3/14/17,1213.55,1262,1245.5,1247.42,7464.249695
3/15/17,1240,1264.55,1247.43,1263,7273.308964
3/16/17,1117.77,1277.27,1263.55,1175.11,16599.28971
3/17/17,1065.74,1175.11,1175.11,1069.57,19215.38655
3/18/17,919.44,1096,1068.78,970,23964.99378
3/19/17,961.59,1062.92,970,1019.49,13518.28951
3/20/17,1011,1051.97,1019.1,1044.96,8919.415422
3/21/17,1042.68,1120,1046.75,1114.42,12493.1583
3/22/17,985.17,1114.96,1114.42,1034.57,14577.91002
3/23/17,1013,1057.41,1038.94,1025.14,7782.58745
3/24/17,920.1,1030.3,1025.13,934.87,19000.19112
3/25/17,890.05,973.99,933.93,963.72,16665.09971
3/26/17,943.9,1005,963.72,973.08,9503.608591
3/27/17,961.1,1045.9,973.97,1042.08,10233.88947
3/28/17,1016.25,1069.39,1042.27,1045.4,9055.351964
3/29/17,1005.77,1058.16,1045.54,1043.27,8676.302769
3/30/17,1022,1052.94,1043.09,1042.34,8312.813656
3/31/17,1038.11,1094.49,1042.32,1088.99,11274.09908
4/1/17,1071.45,1110.95,1088.99,1092,6726.970428
4/2/17,1080,1119,1092,1113.99,7882.354255
4/3/17,1112.24,1168.72,1113.23,1152.6,12694.07861
4/4/17,1124.98,1164.14,1152.09,1143.99,8959.603373
4/5/17,1114.9,1144.99,1143.98,1132.99,8705.920184
4/6/17,1132.98,1206.97,1132.99,1192.3,11233.48672
4/7/17,1175.26,1203,1192.29,1194,6984.367979
4/8/17,1170,1198,1194,1184.5,4423.107581
4/9/17,1175.8,1221,1184.5,1210.97,5819.841282
4/10/17,1201,1219.78,1210.99,1210,5644.961476
4/11/17,1200,1234,1210,1223.99,5481.083298
4/12/17,1209.61,1227.86,1224,1214.17,6494.151562
4/13/17,1148.98,1219.49,1214.68,1177.05,9426.537457
4/14/17,1170.14,1196.92,1177.05,1173.74,5665.887752
4/15/17,0.06,1190.99,1173.13,1178.85,3972.003146
4/16/17,1171.7,1189.93,1178.84,1177.99,3084.525039
4/17/17,1170.85,1197.6,1177.63,1189.91,6548.066563
4/18/17,1189.76,1206.65,1190.95,1201.94,6269.909265
4/19/17,1191.09,1215.32,1201.88,1214.21,6273.615376
4/20/17,1212.01,1240.6,1214.22,1236.15,7747.135097
4/21/17,1236.15,1258.77,1236.15,1249.99,6669.145169
4/22/17,1221.51,1253,1249.98,1247,6147.327681
4/23/17,1236.2,1254,1246.79,1251.98,5023.525978
4/24/17,1246.31,1261.16,1251.91,1257.29,5906.259038
4/25/17,1256.16,1287,1256.65,1281.16,8117.837934
4/26/17,1279.5,1320,1281.18,1298.44,9597.320809
4/27/17,1295.39,1360,1297.56,1349.26,10484.92362
4/28/17,1300.2,1381.01,1349.77,1353.34,14008.22742
4/29/17,1335.64,1369.5,1352.96,1365.43,9669.115779
4/30/17,1334.02,1394.51,1364.98,1384.55,10541.60992
5/1/17,1370.98,1466.69,1384.55,1436.5,16992.301
5/2/17,1426.51,1492.93,1436.5,1471.99,12031.58419
5/3/17,1453.68,1533,1471.79,1533,16319.0051
5/4/17,1482.06,1665,1533,1563.39,26721.09592
5/5/17,1535.11,1630,1561.47,1551.3,16888.14035
5/6/17,1551.3,1598.89,1551.3,1585.39,9367.705013
5/7/17,1563.87,1618.31,1585.49,1609.57,11737.56998
5/8/17,1608,1713,1611.1,1713,15894.92006
5/9/17,1630,1794.7,1712.99,1720.43,19878.96883
5/10/17,1691.3,1799.99,1720.24,1794.99,13458.18639
5/11/17,1770.95,1889,1794.95,1837.93,15726.1046
5/12/17,1651.01,1838,1837.98,1695.61,16526.8188
5/13/17,1610,1792.96,1695.56,1792.73,12377.80373
5/14/17,1763.33,1829,1791.7,1799.99,6806.485119
5/15/17,1702.42,1802.99,1799.98,1747.81,10191.85425
5/16/17,1690.14,1777.76,1747.81,1777.48,11414.50874
5/17/17,1745.05,1840,1777.49,1813.23,13806.64969
5/18/17,1800,1900,1813.23,1899.16,11390.33436
5/19/17,1890.73,1980,1899.47,1976.23,18971.3087
5/20/17,1970.04,2059,1976.22,2058.91,13176.26818
5/21/17,1988.6,2102.68,2058.89,2057,17762.48439
5/22/17,1975,2298,2056.99,2123.29,29431.52435
5/23/17,2100.86,2283,2123.29,2272.75,17640.93852
5/24/17,2266.51,2474.69,2272.74,2432.97,24659.53425
5/25/17,2226.86,2806,2432.96,2355,37192.73761
5/26/17,2052.01,2683.18,2362.17,2272.7,31755.17771
5/27/17,1913.19,2353.35,2276.46,2099.99,32466.16123
5/28/17,2099.86,2342.99,2099.99,2232.78,18342.68197
5/29/17,2141.12,2357.86,2237,2279.48,16926.34457
5/30/17,2112.31,2336.88,2279.18,2191.58,20915.99999
5/31/17,2173.8,2338.91,2191.6,2303.29,21726.93086
6/1/17,2302,2488,2303.61,2419.99,21390.33504
6/2/17,2379.44,2478.99,2419.98,2478.99,12890.65884
6/3/17,2448,2599,2478.99,2548.05,13441.8888
6/4/17,2469.98,2556.1,2548.3,2521.36,13820.31366
6/5/17,2517.02,2698,2521.43,2698,13599.7689
6/6/17,2674.69,2938.55,2698,2871.29,28609.06198
6/7/17,2598.7,2885,2871.29,2685.64,19476.18369
6/8/17,2611.41,2808.78,2690.02,2799.73,13453.68916
6/9/17,2786.2,2861.58,2799.76,2811.39,11440.33562
6/10/17,2801.25,2942.04,2811.37,2931.15,18734.80191
6/11/17,2881,2998.99,2931.16,2998.98,16295.48304
6/12/17,2463.89,2999.99,2998.98,2655.71,38941.18214
6/13/17,2649.47,2798.99,2654.36,2709.01,19716.97419
6/14/17,2330,2827,2709.02,2432.21,28256.87486
6/15/17,2050,2525,2432.21,2409.98,42025.04188
6/16/17,2287.84,2524.65,2409.98,2480.43,21891.95772
6/17/17,2413.96,2679.24,2480.44,2634.94,17601.28411
6/18/17,2455.01,2670,2634.94,2515.25,13831.58865
6/19/17,2481.92,2597,2515.25,2596.98,13928.55869
6/20/17,2585.42,2776.95,2596.99,2725.08,19229.70622
6/21/17,2559.51,2781.59,2725.11,2643.35,18062.07008
6/22/17,2598,2724.69,2643.33,2679.99,12179.55378
6/23/17,2665,2743,2679.93,2690.76,9674.140147
6/24/17,2503.05,2718.37,2690.76,2574.84,12806.59872
6/25/17,2430.05,2625,2574.86,2505.61,13739.17134
6/26/17,2258.34,2563.9,2505.61,2407.91,20262.76215
6/27/17,2264,2575.75,2407.91,2575.75,22151.51962
6/28/17,2457,2605,2573.22,2553.12,16240.95462
6/29/17,2506.1,2591.98,2553.13,2530,9048.16102
6/30/17,2446.2,2554.01,2531.16,2455.19,11860.95944
7/1/17,2400,2515,2455.19,2423.63,8448.088799
7/2/17,2385,2545,2424.08,2516.66,9098.289199
7/3/17,2479.75,2584.78,2515.37,2542.41,10043.5148
7/4/17,2542.18,2636.1,2542.41,2602,10680.56522
7/5/17,2551.06,2630.24,2602,2616.96,10183.6301
7/6/17,2580.69,2623.54,2616.96,2604.84,8207.966577
7/7/17,2472,2607.61,2604.89,2501.15,11640.78157
7/8/17,2471.22,2563.5,2501.15,2561.11,7869.881313
7/9/17,2500,2579.84,2560.84,2508.99,5647.434269
7/10/17,2250,2523,2508,2331.05,15554.00509
7/11/17,2265,2410,2330.93,2310.01,15670.55065
7/12/17,2250,2415,2309.62,2383.42,13834.47197
7/13/17,2308.14,2416.79,2384.35,2340,9541.539433
7/14/17,2150,2349.28,2340,2217.24,13548.77781
7/15/17,1964.31,2224.82,2217.02,1964.31,16334.18865
7/16/17,1758.2,2043.94,1964.33,1911.78,21740.89274
7/17/17,1909.58,2238.07,1911.79,2235.19,21436.76454
7/18/17,2134.37,2393.43,2235.14,2308.15,23791.81758
7/19/17,2216,2396,2307.48,2258.99,18567.47611
7/20/17,2258.99,2957,2258.99,2873.48,36509.16787
7/21/17,2608.27,2880,2873.45,2657.45,23062.17543
7/22/17,2646.95,2869.88,2661.05,2825.27,12225.61764
7/23/17,2691,2848,2825.27,2754.28,10194.97475
7/24/17,2726.8,2799.2,2755.19,2762.26,8105.645112
7/25/17,2449.69,2782.44,2761.68,2564,19195.64261
7/26/17,2403,2614,2564,2525.99,13015.85522
7/27/17,2514.1,2686.2,2525.98,2664.99,10034.52707
7/28/17,2655.55,2825.11,2664.99,2786.07,17189.24674
7/29/17,2656,2790.99,2786.07,2700.21,9860.132241
7/30/17,2500,2739.98,2700.2,2723.99,8450.932768
7/31/17,2700,2900,2723.99,2856.88,11462.15024
8/1/17,2676.01,2925,2856.89,2732.59,9772.969475
8/2/17,2650,2758.06,2731.6,2699.9,8422.275377
8/3/17,2699.89,2799,2699.9,2787.02,7425.957456
8/4/17,2760,2877.79,2787.05,2857.34,7714.98048
8/5/17,2857.34,3335,2857.34,3243.49,21614.60061
8/6/17,3150,3278.42,3243.5,3222.22,8666.200782
8/7/17,3190,3416,3222.22,3398.23,11324.9162
8/8/17,3349.91,3489,3398.23,3422.43,16013.93895
8/9/17,3232.62,3428.29,3423.28,3342.8,13076.14627
8/10/17,3317,3448,3342.8,3444.98,9348.359149
8/11/17,3416.86,3725,3444.98,3656.15,15315.75236
8/12/17,3622.87,3974,3656.14,3874,18972.14336
8/13/17,3850,4200,3874,4060.47,23522.14199
8/14/17,3985.01,4328,4060.47,4320.6,20059.96197
8/15/17,3807.14,4434.42,4320.53,4159.93,32018.06822
8/16/17,3928.82,4385.5,4159.93,4370.01,17969.62621
8/17/17,4180,4469,4370.01,4280.01,19980.89161
8/18/17,3960.47,4350,4280.01,4101.72,20823.05142
8/19/17,4000,4186.1,4101.72,4157.41,10502.74082
8/20/17,4044.52,4190.21,4157.41,4050.99,8331.872359
8/21/17,3950.88,4089.99,4050.99,4002,12417.65708
8/22/17,3583.46,4145,4002,4092,21921.10577
8/23/17,4058.26,4247.88,4092,4143.49,11746.00415
8/24/17,4112.76,4349.99,4142.5,4312.03,10247.98421
8/25/17,4284.01,4453.9,4312.03,4360,10918.77973
8/26/17,4260.01,4374.39,4360,4344.32,6146.478762
8/27/17,4309.87,4392,4344.32,4340.11,7041.344202
8/28/17,4200,4396,4343.5,4384.99,10452.60382
8/29/17,4350,4656.83,4384.99,4599,14509.95812
8/30/17,4500.55,4635.21,4599.01,4581.98,10383.4343
8/31/17,4580.84,4769.03,4581.98,4743.94,13628.45778
9/1/17,4706,4948,4743.94,4947.99,16759.34097
9/2/17,4500,4980,4948,4649.99,19577.18875
9/3/17,4524,4749.99,4642.39,4626.05,11564.93757
9/4/17,4234.16,4628.05,4626.05,4498.25,20518.88448
9/5/17,4242.38,4514.95,4498.46,4432.51,17315.43019
9/6/17,4431,4692,4432.51,4616.18,16174.30433
9/7/17,4475.01,4665.44,4616.18,4624.18,8429.701014
9/8/17,4140,4679.99,4624.18,4350,22102.27913
9/9/17,4180,4449.95,4350,4334.36,10073.89559
9/10/17,4139,4349.99,4334.36,4251.36,10073.46598
9/11/17,4111.14,4365,4251.36,4210.72,9068.253654
9/12/17,4080,4375.37,4210.72,4164.52,12373.39858
9/13/17,3726,4174.53,4164.52,3855.32,22842.53226
9/14/17,3230.05,3923,3855.61,3250.4,36358.93501
9/15/17,2975.01,3894.48,3249.99,3740.02,54488.48242
9/16/17,3600,4042.98,3740.02,3726.51,19031.61597
9/17/17,3475.64,3841,3726.51,3719.97,11718.8802
9/18/17,3717.56,4130,3719.98,4100,16906.72339
9/19/17,3850.44,4125.22,4100,3910.11,13781.15539
9/20/17,3850.01,4044,3910.11,3872.06,9910.401114
9/21/17,3571,3903.57,3872.07,3617.47,14978.48543
9/22/17,3509.79,3767.77,3617.47,3619.01,12648.8213
9/23/17,3580,3818.89,3619.01,3787.33,6595.935307
9/24/17,3630.01,3789.36,3787.33,3669.01,4692.790902
9/25/17,3669.01,3969.37,3669.01,3919.78,9583.737589
9/26/17,3854.29,3960,3919.98,3885.09,5893.223538
9/27/17,3880.36,4228.39,3885.09,4200,12072.6687
9/28/17,4122,4269.95,4200,4189.42,7897.176891
9/29/17,4015.17,4212.99,4189.42,4156.99,10360.83388
9/30/17,4143.52,4356.28,4156.99,4339,6235.078456
10/1/17,4256.92,4396.99,4339.01,4394.81,5366.91197
10/2/17,4354.23,4470,4394.81,4392.71,8647.527992
10/3/17,4240,4419.95,4392.71,4307.99,10606.10622
10/4/17,4175.3,4344,4307.99,4214.84,6555.270969
10/5/17,4150.01,4365.21,4214.84,4320.04,6482.327784
10/6/17,4299.99,4407,4320.02,4362.99,6441.725604
10/7/17,4320,4449.42,4363,4425,4178.250893